,GEO_ID,FSRR2010
1,0500000US04005,51
2,0500000US04003,58.2
3,0500000US04007,43.6
4,0500000US04009,48.8
5,0500000US04011,45.4
6,0500000US04012,32.6
7,0500000US04013,63.8
8,0500000US04015,56
9,0500000US04017,40.4
10,0500000US04019,65.9
11,0500000US04021,53.7
12,0500000US04023,58.1
13,0500000US04025,58.6
14,0500000US04027,50.7
15,0500000US04001,39.8
1,0500000US09003,71.4
2,0500000US09005,67.8
3,0500000US09015,62.6
4,0500000US09009,69
5,0500000US09011,66.4
6,0500000US09013,73.3
7,0500000US09001,69.5
8,0500000US09007,70.5
1,0500000US05001,56.6
2,0500000US05003,61.6
3,0500000US05005,65.5
4,0500000US05007,68
5,0500000US05009,66.2
6,0500000US05011,49.8
7,0500000US05013,47
8,0500000US05015,59.4
9,0500000US05017,54.4
10,0500000US05019,60.6
11,0500000US05021,62.3
12,0500000US05023,56.9
13,0500000US05025,61.2
14,0500000US05027,59
15,0500000US05029,63.1
16,0500000US05031,67.9
17,0500000US05033,65.4
18,0500000US05035,59
19,0500000US05037,61.1
20,0500000US05047,62.8
21,0500000US05041,53.6
22,0500000US05043,53
23,0500000US05045,67.3
24,0500000US05049,55.4
25,0500000US05051,60.9
26,0500000US05053,65
27,0500000US05055,68.4
28,0500000US05057,55.2
29,0500000US05059,53.7
30,0500000US05061,59.7
31,0500000US05063,66.6
32,0500000US05065,52.2
33,0500000US05067,60.3
34,0500000US05069,60
35,0500000US05071,60.3
36,0500000US05073,51.2
37,0500000US05075,62
38,0500000US05077,49.5
39,0500000US05079,50.7
40,0500000US05081,57.4
41,0500000US05083,63.6
42,0500000US05085,66.5
43,0500000US05087,58
44,0500000US05089,58.2
45,0500000US05091,64.3
46,0500000US05093,57
47,0500000US05095,49.6
48,0500000US05097,50.5
49,0500000US05099,52.8
50,0500000US05101,51.8
51,0500000US05103,58
52,0500000US05105,58.4
53,0500000US05107,46.4
54,0500000US05109,56.7
55,0500000US05111,61.5
56,0500000US05113,59.8
57,0500000US05115,66.7
58,0500000US05117,53.2
59,0500000US05039,51.3
60,0500000US05119,65
61,0500000US05121,63.5
62,0500000US05123,52
63,0500000US05125,69.5
64,0500000US05127,59.1
65,0500000US05129,52.7
66,0500000US05131,65.6
67,0500000US05133,60.9
68,0500000US05135,55.5
69,0500000US05137,58.1
70,0500000US05139,62.1
71,0500000US05141,53.5
72,0500000US05143,60
73,0500000US05145,64.5
74,0500000US05147,55.3
75,0500000US05149,57.2
1,0500000US08001,69.3
2,0500000US08003,60.6
3,0500000US08005,71.2
4,0500000US08007,42.7
5,0500000US08009,54.2
6,0500000US08011,55.8
7,0500000US08013,73.4
8,0500000US08014,73.2
9,0500000US08015,61
10,0500000US08017,54.9
11,0500000US08019,54.4
12,0500000US08021,49
13,0500000US08023,36.6
14,0500000US08025,56.9
15,0500000US08027,36.8
16,0500000US08029,64.5
17,0500000US08031,69
18,0500000US08033,38.9
19,0500000US08035,77.3
20,0500000US08037,40.9
21,0500000US08039,75.2
22,0500000US08041,69
23,0500000US08043,63.2
24,0500000US08045,60.1
25,0500000US08047,48.7
26,0500000US08049,31
27,0500000US08051,40.2
28,0500000US08053,19.9
29,0500000US08055,41.6
30,0500000US08057,38.6
31,0500000US08059,77
32,0500000US08061,53.8
33,0500000US08063,63.1
34,0500000US08065,45.7
35,0500000US08067,58.2
36,0500000US08069,70.7
37,0500000US08071,50
38,0500000US08073,59
39,0500000US08075,66.1
40,0500000US08077,70.3
41,0500000US08079,21.1
42,0500000US08081,63.3
43,0500000US08083,62.5
44,0500000US08085,65.9
45,0500000US08093,39.9
46,0500000US08087,66.4
47,0500000US08089,58.4
48,0500000US08091,46.7
49,0500000US08095,70.4
50,0500000US08097,39.8
51,0500000US08099,57.8
52,0500000US08101,65.8
53,0500000US08103,55.6
54,0500000US08105,50
55,0500000US08107,43
56,0500000US08109,40.3
57,0500000US08111,31.5
58,0500000US08113,31.2
59,0500000US08115,61.4
60,0500000US08117,27.8
61,0500000US08119,56.8
62,0500000US08121,60.3
63,0500000US08123,65.5
64,0500000US08125,66.4
1,0500000US10003,70.7
2,0500000US10005,49.6
3,0500000US10001,68.6
1,0500000US01001,68.6
2,0500000US01003,59.4
3,0500000US01005,55.2
4,0500000US01007,54.8
5,0500000US01009,66.3
6,0500000US01011,34
7,0500000US01013,49.3
8,0500000US01015,65.1
9,0500000US01017,59.2
10,0500000US01019,49.9
11,0500000US01021,59.9
12,0500000US01023,52.3
13,0500000US01025,54.7
14,0500000US01027,55.6
15,0500000US01029,57.1
16,0500000US01031,60.7
17,0500000US01033,65.1
18,0500000US01035,47.1
19,0500000US01037,45.8
20,0500000US01039,55.1
21,0500000US01041,53.2
22,0500000US01043,62.4
23,0500000US01045,57.4
24,0500000US01047,56
25,0500000US01049,56.4
26,0500000US01051,65.7
27,0500000US01053,55.4
28,0500000US01055,66.7
29,0500000US01057,62.4
30,0500000US01059,60.5
31,0500000US01061,56.2
32,0500000US01063,40.9
33,0500000US01065,52.4
34,0500000US01067,54
35,0500000US01069,64.5
36,0500000US01071,63.1
37,0500000US01073,64.8
38,0500000US01075,55.7
39,0500000US01077,65.3
40,0500000US01079,64
41,0500000US01081,62.4
42,0500000US01083,67.8
43,0500000US01085,43.4
44,0500000US01087,51.6
45,0500000US01089,69.9
46,0500000US01091,53.8
47,0500000US01093,59.8
48,0500000US01095,64.4
49,0500000US01097,63
50,0500000US01099,46.5
51,0500000US01101,63.5
52,0500000US01103,67.5
53,0500000US01105,40.5
54,0500000US01107,53.2
55,0500000US01109,53.7
56,0500000US01111,54.8
57,0500000US01113,59.4
58,0500000US01115,62.9
59,0500000US01117,70.9
60,0500000US01119,44.3
61,0500000US01121,61
62,0500000US01123,58.9
63,0500000US01125,65
64,0500000US01131,44.4
65,0500000US01133,51.7
66,0500000US01127,59
67,0500000US01129,52.1
1,0500000US13001,56.5
2,0500000US13003,48.5
3,0500000US13005,56.5
4,0500000US13007,42.4
5,0500000US13009,57.1
6,0500000US13011,63
7,0500000US13013,64.2
8,0500000US13015,66.8
9,0500000US13017,57.1
10,0500000US13019,55.9
11,0500000US13031,55.4
12,0500000US13025,49.7
13,0500000US13027,53.5
14,0500000US13029,62.5
15,0500000US13033,58.3
16,0500000US13035,59.6
17,0500000US13037,51.4
18,0500000US13039,60.1
19,0500000US13043,52.9
20,0500000US13045,61.8
21,0500000US13047,71
22,0500000US13049,49.4
23,0500000US13053,44.1
24,0500000US13055,61.1
25,0500000US13057,70.6
26,0500000US13059,63.2
27,0500000US13061,39.1
28,0500000US13065,50.5
29,0500000US13067,66.7
30,0500000US13069,60.3
31,0500000US13071,61.1
32,0500000US13073,72.6
33,0500000US13075,55.3
34,0500000US13079,57.6
35,0500000US13081,55.7
36,0500000US13085,59.5
37,0500000US13087,60.4
38,0500000US13091,49.4
39,0500000US13093,50.5
40,0500000US13095,66.5
41,0500000US13099,50.7
42,0500000US13101,50.3
43,0500000US13105,64.6
44,0500000US13107,52.2
45,0500000US13109,51.5
46,0500000US13113,72.9
47,0500000US13115,63.5
48,0500000US13117,70.9
49,0500000US13121,60.5
50,0500000US13123,46
51,0500000US13021,60.5
52,0500000US13023,57.9
53,0500000US13127,60.1
54,0500000US13129,64.8
55,0500000US13131,61.9
56,0500000US13135,66.3
57,0500000US13137,58.5
58,0500000US13139,67.5
59,0500000US13143,62
60,0500000US13145,66.1
61,0500000US13149,60.4
62,0500000US13151,69
63,0500000US13153,66.2
64,0500000US13157,64.5
65,0500000US13159,63
66,0500000US13165,55
67,0500000US13167,52.7
68,0500000US13171,59.6
69,0500000US13173,52.1
70,0500000US13177,71.5
71,0500000US13179,59.4
72,0500000US13181,54.5
73,0500000US13187,62.5
74,0500000US13191,39.7
75,0500000US13193,53.6
76,0500000US13195,64.8
77,0500000US13199,53.4
78,0500000US13201,59.1
79,0500000US13207,61.4
80,0500000US13209,47.8
81,0500000US13211,58.7
82,0500000US13213,58.1
83,0500000US13215,64.3
84,0500000US13217,64.6
85,0500000US13219,73.4
86,0500000US13221,62.3
87,0500000US13223,69.1
88,0500000US13225,58.3
89,0500000US13227,58.3
90,0500000US13229,65.7
91,0500000US13231,58.8
92,0500000US13233,62
93,0500000US13235,39.1
94,0500000US13237,49.9
95,0500000US13247,63.6
96,0500000US13241,32.1
97,0500000US13243,39.6
98,0500000US13245,63.5
99,0500000US13249,41.8
100,0500000US13251,55
101,0500000US13253,47.5
102,0500000US13255,64.8
103,0500000US13257,59.9
104,0500000US13259,49
105,0500000US13261,58.3
106,0500000US13263,48.6
107,0500000US13265,50.9
108,0500000US13267,48.2
109,0500000US13269,52.3
110,0500000US13271,35.7
111,0500000US13273,60.4
112,0500000US13275,60.5
113,0500000US13277,62.3
114,0500000US13279,59.2
115,0500000US13281,43.2
116,0500000US13283,56.5
117,0500000US13285,63.3
118,0500000US13287,57.7
119,0500000US13289,50.7
120,0500000US13291,50.8
121,0500000US13293,65
122,0500000US13295,66.6
123,0500000US13297,66.1
124,0500000US13299,61.4
125,0500000US13301,53.8
126,0500000US13303,60.1
127,0500000US13305,61.3
128,0500000US13307,45.8
129,0500000US13309,36.7
130,0500000US13311,51
131,0500000US13313,62.7
132,0500000US13315,36.9
133,0500000US13317,58.5
134,0500000US13319,50.3
135,0500000US13239,28.5
136,0500000US13321,67.8
137,0500000US13077,69.7
138,0500000US13083,61.1
139,0500000US13089,63.6
140,0500000US13097,62.6
141,0500000US13103,60
142,0500000US13111,44.2
143,0500000US13119,58.5
144,0500000US13125,66.1
145,0500000US13133,55.6
146,0500000US13141,38.7
147,0500000US13147,61.6
148,0500000US13155,60.5
149,0500000US13161,52.5
150,0500000US13169,57
151,0500000US13175,61.4
152,0500000US13183,39.6
153,0500000US13189,64.2
154,0500000US13197,50.4
155,0500000US13205,63.6
156,0500000US13051,61.4
157,0500000US13163,50.4
158,0500000US13063,56.9
159,0500000US13185,65.8
1,0500000US11001,66
1,0500000US12001,62.2
2,0500000US12003,58.6
3,0500000US12005,62.8
4,0500000US12007,57.5
5,0500000US12009,67.7
6,0500000US12011,63.7
7,0500000US12013,53.7
8,0500000US12015,60.3
9,0500000US12017,65.6
10,0500000US12019,69.9
11,0500000US12021,54.1
12,0500000US12023,57.2
13,0500000US12027,53.3
14,0500000US12029,42.7
15,0500000US12031,63.4
16,0500000US12033,64.9
17,0500000US12035,64.3
18,0500000US12037,32.5
19,0500000US12039,56.6
20,0500000US12041,56.4
21,0500000US12043,41.4
22,0500000US12045,45
23,0500000US12047,45
24,0500000US12049,50.9
25,0500000US12051,46.5
26,0500000US12053,69.9
27,0500000US12055,59.2
28,0500000US12057,65.3
29,0500000US12071,55.3
30,0500000US12065,54.5
31,0500000US12067,46.2
32,0500000US12069,65.2
33,0500000US12073,64.7
34,0500000US12075,55.8
35,0500000US12077,45.5
36,0500000US12079,51.6
37,0500000US12081,62.8
38,0500000US12083,63.8
39,0500000US12085,65.2
40,0500000US12086,65.5
41,0500000US12087,54.7
42,0500000US12089,57.6
43,0500000US12091,65.3
44,0500000US12093,52.7
45,0500000US12095,62
46,0500000US12097,52.7
47,0500000US12099,63
48,0500000US12101,65.5
49,0500000US12103,64.8
50,0500000US12105,60.3
51,0500000US12107,52.1
52,0500000US12109,66.8
53,0500000US12111,61.7
54,0500000US12113,69.8
55,0500000US12115,62.3
56,0500000US12117,69
57,0500000US12119,64.3
58,0500000US12121,57.2
59,0500000US12123,47.1
60,0500000US12125,56.3
61,0500000US12127,62.8
62,0500000US12129,61.2
63,0500000US12131,57.5
64,0500000US12133,57.9
65,0500000US12059,57.4
66,0500000US12061,63.9
67,0500000US12063,55.5
1,0500000US20001,66.2
2,0500000US20003,70.2
3,0500000US20005,67.6
4,0500000US20007,61.7
5,0500000US20009,71.1
6,0500000US20011,61.5
7,0500000US20013,68.6
8,0500000US20015,72.7
9,0500000US20017,56.1
10,0500000US20019,57
11,0500000US20021,63.8
12,0500000US20023,65.7
13,0500000US20025,63.1
14,0500000US20027,70.4
15,0500000US20029,65.7
16,0500000US20031,67.8
17,0500000US20033,61.2
18,0500000US20035,66.6
19,0500000US20037,65.6
20,0500000US20039,58.6
21,0500000US20041,71.7
22,0500000US20043,64.5
23,0500000US20045,72.8
24,0500000US20047,64.2
25,0500000US20049,56.9
26,0500000US20051,72.2
27,0500000US20053,63.4
28,0500000US20055,65.5
29,0500000US20057,63.1
30,0500000US20061,61.2
31,0500000US20063,70.7
32,0500000US20067,64.7
33,0500000US20069,68.9
34,0500000US20071,60.4
35,0500000US20075,51.4
36,0500000US20077,65
37,0500000US20091,76.1
38,0500000US20083,55.8
39,0500000US20085,71.1
40,0500000US20089,58.1
41,0500000US20093,59
42,0500000US20097,60.3
43,0500000US20099,64.3
44,0500000US20101,63.9
45,0500000US20105,63.3
46,0500000US20107,56.2
47,0500000US20109,69.3
48,0500000US20113,75.8
49,0500000US20115,67.8
50,0500000US20119,63.2
51,0500000US20121,72.9
52,0500000US20123,66.2
53,0500000US20127,62.7
54,0500000US20129,53.4
55,0500000US20131,74.3
56,0500000US20135,60.4
57,0500000US20137,63.9
58,0500000US20139,69.5
59,0500000US20143,72.8
60,0500000US20145,67.7
61,0500000US20149,72.9
62,0500000US20151,70.6
63,0500000US20153,59.7
64,0500000US20157,62.8
65,0500000US20159,68.9
66,0500000US20163,63.9
67,0500000US20165,63.9
68,0500000US20167,63.5
69,0500000US20171,71.2
70,0500000US20173,69.5
71,0500000US20179,70.2
72,0500000US20181,62.7
73,0500000US20187,61.7
74,0500000US20189,62
75,0500000US20081,63.2
76,0500000US20193,70.4
77,0500000US20195,67.5
78,0500000US20199,60.4
79,0500000US20201,67.6
80,0500000US20203,61.3
81,0500000US20207,59.1
82,0500000US20209,63.7
83,0500000US20073,61.3
84,0500000US20079,74.2
85,0500000US20087,71.1
86,0500000US20095,69.8
87,0500000US20103,71.6
88,0500000US20111,68
89,0500000US20117,72.2
90,0500000US20125,63.4
91,0500000US20133,69.2
92,0500000US20141,63.3
93,0500000US20147,65.3
94,0500000US20155,72
95,0500000US20161,69.3
96,0500000US20169,78
97,0500000US20177,72.4
98,0500000US20183,65.1
99,0500000US20191,68.9
100,0500000US20197,67.9
101,0500000US20205,58.8
102,0500000US20065,66.6
103,0500000US20175,55.5
104,0500000US20059,70.8
105,0500000US20185,64.5
1,0500000US17001,75.3
2,0500000US17003,53.8
3,0500000US17005,69.4
4,0500000US17007,74.9
5,0500000US17009,65.3
6,0500000US17011,73.4
7,0500000US17015,65.5
8,0500000US17017,70.3
9,0500000US17021,72
10,0500000US17023,69.8
11,0500000US17025,71.2
12,0500000US17027,76.6
13,0500000US17029,70.6
14,0500000US17031,66.1
15,0500000US17033,72.4
16,0500000US17035,59.8
17,0500000US17037,71.7
18,0500000US17039,70.4
19,0500000US17041,73.8
20,0500000US17043,77.3
21,0500000US17045,69.4
22,0500000US17047,75.2
23,0500000US17049,77.4
24,0500000US17051,70.2
25,0500000US17053,75.2
26,0500000US17055,65.3
27,0500000US17057,71.7
28,0500000US17059,56.5
29,0500000US17061,68
30,0500000US17063,74.7
31,0500000US17065,65.4
32,0500000US17067,66.1
33,0500000US17071,61.6
34,0500000US17073,74.9
35,0500000US17077,62.2
36,0500000US17079,77.5
37,0500000US17083,72.9
38,0500000US17085,60
39,0500000US17087,60.6
40,0500000US17091,71.4
41,0500000US17093,76.8
42,0500000US17097,75.5
43,0500000US17099,72.9
44,0500000US17103,75.4
45,0500000US17105,75.5
46,0500000US17107,73.1
47,0500000US17111,77.8
48,0500000US17115,70.7
49,0500000US17119,73.9
50,0500000US17121,70.6
51,0500000US17125,71.2
52,0500000US17127,68.6
53,0500000US17129,73
54,0500000US17133,81.2
55,0500000US17135,68.8
56,0500000US17153,56.8
57,0500000US17145,72.3
58,0500000US17147,78.7
59,0500000US17149,64.8
60,0500000US17155,67.2
61,0500000US17159,72.5
62,0500000US17161,72.2
63,0500000US17165,65.4
64,0500000US17167,72.9
65,0500000US17169,68.5
66,0500000US17173,72
67,0500000US17175,73.5
68,0500000US17179,77.7
69,0500000US17181,68.8
70,0500000US17183,70.2
71,0500000US17187,70.8
72,0500000US17189,74.8
73,0500000US17193,70.4
74,0500000US17195,74.7
75,0500000US17197,76.9
76,0500000US17201,72.5
77,0500000US17203,79.7
78,0500000US17069,56.7
79,0500000US17075,72
80,0500000US17081,68.5
81,0500000US17089,75.2
82,0500000US17095,72.1
83,0500000US17101,70.9
84,0500000US17109,67.3
85,0500000US17117,71.4
86,0500000US17123,70.3
87,0500000US17131,74.2
88,0500000US17137,73
89,0500000US17143,71.4
90,0500000US17151,52.7
91,0500000US17157,73.5
92,0500000US17163,70
93,0500000US17171,72.8
94,0500000US17177,72.8
95,0500000US17185,71.3
96,0500000US17141,73.9
97,0500000US17191,71.9
98,0500000US17199,69.2
99,0500000US17013,57.1
100,0500000US17113,72.6
101,0500000US17019,70.4
102,0500000US17139,76.1
1,0500000US22001,64.7
2,0500000US22003,53.9
3,0500000US22005,66.9
4,0500000US22007,56.7
5,0500000US22009,54
6,0500000US22011,64
7,0500000US22013,54.2
8,0500000US22015,68
9,0500000US22017,67.1
10,0500000US22019,63.8
11,0500000US22021,48.3
12,0500000US22023,44.7
13,0500000US22053,62.5
14,0500000US22055,66
15,0500000US22057,66.1
16,0500000US22059,56.8
17,0500000US22061,59.7
18,0500000US22063,62.3
19,0500000US22065,51.2
20,0500000US22067,62.1
21,0500000US22069,52.9
22,0500000US22071,43.8
23,0500000US22073,66.8
24,0500000US22075,56
25,0500000US22077,53.3
26,0500000US22079,63.9
27,0500000US22081,45.3
28,0500000US22083,61.5
29,0500000US22085,47.8
30,0500000US22087,45.4
31,0500000US22089,66.3
32,0500000US22091,44.5
33,0500000US22093,54.4
34,0500000US22095,62.8
35,0500000US22097,57.3
36,0500000US22099,62.8
37,0500000US22101,56.1
38,0500000US22103,67.9
39,0500000US22105,55.8
40,0500000US22107,43.2
41,0500000US22109,64.5
42,0500000US22111,58
43,0500000US22113,65.1
44,0500000US22115,55.9
45,0500000US22117,61.7
46,0500000US22119,62.6
47,0500000US22121,64.3
48,0500000US22123,60.1
49,0500000US22125,50.2
50,0500000US22025,53.1
51,0500000US22027,60.2
52,0500000US22029,51.9
53,0500000US22031,56.5
54,0500000US22033,65.2
55,0500000US22035,55.6
56,0500000US22037,57.9
57,0500000US22039,61.5
58,0500000US22041,61.3
59,0500000US22043,57.3
60,0500000US22045,63.8
61,0500000US22047,60
62,0500000US22049,56
63,0500000US22051,66.5
64,0500000US22127,47.9
1,0500000US24041,62.1
2,0500000US24035,68.2
3,0500000US24037,63.5
4,0500000US24039,54.4
5,0500000US24043,69.6
6,0500000US24045,66.7
7,0500000US24047,33.2
8,0500000US24510,59.5
9,0500000US24001,66.3
10,0500000US24003,73
11,0500000US24005,73.4
12,0500000US24009,68.8
13,0500000US24011,63.9
14,0500000US24013,78.1
15,0500000US24015,66.5
16,0500000US24017,71.5
17,0500000US24019,60.1
18,0500000US24021,75
19,0500000US24023,49.1
20,0500000US24025,75.9
21,0500000US24027,76.7
22,0500000US24029,57.7
23,0500000US24031,76.1
24,0500000US24033,68.6
1,0500000US25003,63.7
2,0500000US25005,68
3,0500000US25007,
4,0500000US25009,69.8
5,0500000US25011,69.8
6,0500000US25013,72.2
7,0500000US25015,73.9
8,0500000US25017,73.3
9,0500000US25019,
10,0500000US25021,74.2
11,0500000US25023,67.5
12,0500000US25025,62.9
13,0500000US25027,68.9
14,0500000US25001,45.5
1,0500000US29001,70.8
2,0500000US29005,63.2
3,0500000US29009,58.4
4,0500000US29011,70.4
5,0500000US29013,65.9
6,0500000US29015,48.5
7,0500000US29017,58.6
8,0500000US29025,62.6
9,0500000US29019,70
10,0500000US29021,69.8
11,0500000US29023,60.7
12,0500000US29027,66.1
13,0500000US29035,53.7
14,0500000US29029,38.3
15,0500000US29031,69.8
16,0500000US29033,67.6
17,0500000US29037,73.1
18,0500000US29039,61
19,0500000US29041,65.1
20,0500000US29043,70.7
21,0500000US29045,67.9
22,0500000US29047,73.6
23,0500000US29049,70.4
24,0500000US29051,73.4
25,0500000US29053,69.8
26,0500000US29055,60.1
27,0500000US29057,61
28,0500000US29059,64.6
29,0500000US29061,60.6
30,0500000US29063,66.2
31,0500000US29065,60
32,0500000US29069,62.5
33,0500000US29071,71.3
34,0500000US29073,61.2
35,0500000US29077,71.1
36,0500000US29079,67.5
37,0500000US29083,68.9
38,0500000US29085,46.7
39,0500000US29087,59.8
40,0500000US29091,68.3
41,0500000US29093,52.6
42,0500000US29099,73.2
43,0500000US29101,66.7
44,0500000US29105,69.3
45,0500000US29107,69
46,0500000US29111,67.1
47,0500000US29117,70.3
48,0500000US29119,60.4
49,0500000US29123,66.8
50,0500000US29125,60.9
51,0500000US29129,53.5
52,0500000US29131,58.1
53,0500000US29133,64.7
54,0500000US29137,61.7
55,0500000US29139,63.7
56,0500000US29143,60.6
57,0500000US29145,68.7
58,0500000US29149,59.7
59,0500000US29151,65.3
60,0500000US29153,54.7
61,0500000US29157,72.1
62,0500000US29159,69.5
63,0500000US29161,64
64,0500000US29165,72.4
65,0500000US29167,65.6
66,0500000US29171,57.7
67,0500000US29173,65.9
68,0500000US29177,71.1
69,0500000US29179,45.2
70,0500000US29181,53.8
71,0500000US29185,57.6
72,0500000US29197,64.5
73,0500000US29186,70.3
74,0500000US29189,75.2
75,0500000US29195,66.7
76,0500000US29201,64.8
77,0500000US29203,57.8
78,0500000US29205,67.7
79,0500000US29207,68
80,0500000US29209,52.4
81,0500000US29211,58
82,0500000US29213,48.7
83,0500000US29215,65
84,0500000US29217,64.2
85,0500000US29219,63.6
86,0500000US29221,54.3
87,0500000US29223,47.9
88,0500000US29225,68.9
89,0500000US29227,59.2
90,0500000US29229,64.5
91,0500000US29510,56.7
92,0500000US29067,63.2
93,0500000US29075,67.7
94,0500000US29081,63.6
95,0500000US29089,61.1
96,0500000US29095,66.6
97,0500000US29103,58.7
98,0500000US29109,67.6
99,0500000US29115,67
100,0500000US29121,67.7
101,0500000US29127,71.9
102,0500000US29135,69.1
103,0500000US29141,46.5
104,0500000US29147,69.1
105,0500000US29155,55.2
106,0500000US29163,66.7
107,0500000US29169,57
108,0500000US29175,66.3
109,0500000US29183,77.3
110,0500000US29187,64.9
111,0500000US29199,66
112,0500000US29003,72.7
113,0500000US29097,66.9
114,0500000US29007,70
115,0500000US29113,69.8
1,0500000US35003,22.5
2,0500000US35005,64.4
3,0500000US35006,48.6
4,0500000US35007,40.6
5,0500000US35009,58.7
6,0500000US35011,47.2
7,0500000US35013,60.1
8,0500000US35015,61.9
9,0500000US35017,49.9
10,0500000US35019,43.2
11,0500000US35027,35.2
12,0500000US35021,47
13,0500000US35023,54.3
14,0500000US35025,60.8
15,0500000US35028,77.5
16,0500000US35029,56.6
17,0500000US35031,54.5
18,0500000US35033,42.4
19,0500000US35035,49.9
20,0500000US35037,46.8
21,0500000US35039,41.9
22,0500000US35041,59.4
23,0500000US35043,65.6
24,0500000US35045,59.4
25,0500000US35047,43.1
26,0500000US35049,60.7
27,0500000US35051,45.2
28,0500000US35053,49.2
29,0500000US35055,41.7
30,0500000US35057,47.7
31,0500000US35059,49.2
32,0500000US35061,59.1
33,0500000US35001,67.7
1,0500000US37113,42.9
2,0500000US37117,63
3,0500000US37123,33.3
4,0500000US37129,68.5
5,0500000US37137,47.7
6,0500000US37141,62.6
7,0500000US37147,63.9
8,0500000US37153,57.9
9,0500000US37159,65.9
10,0500000US37165,60.6
11,0500000US37171,66.9
12,0500000US37175,52.7
13,0500000US37183,71.8
14,0500000US37189,52.8
15,0500000US37195,65.1
16,0500000US37001,67.1
17,0500000US37119,67.3
18,0500000US37051,64.7
19,0500000US37003,67.3
20,0500000US37005,44.9
21,0500000US37007,55.2
22,0500000US37009,49.8
23,0500000US37011,38.3
24,0500000US37013,61.8
25,0500000US37015,51.3
26,0500000US37017,46.9
27,0500000US37019,53.6
28,0500000US37021,64.7
29,0500000US37023,63.2
30,0500000US37025,70.4
31,0500000US37027,67.9
32,0500000US37029,64
33,0500000US37031,46.9
34,0500000US37033,62.3
35,0500000US37035,68.3
36,0500000US37037,66.7
37,0500000US37039,45.1
38,0500000US37041,65.4
39,0500000US37043,50.1
40,0500000US37045,65.6
41,0500000US37047,57.9
42,0500000US37049,68.3
43,0500000US37053,58.6
44,0500000US37055,45.6
45,0500000US37057,68.4
46,0500000US37061,51.6
47,0500000US37063,67.7
48,0500000US37067,68.5
49,0500000US37069,62
50,0500000US37073,58.9
51,0500000US37075,31.1
52,0500000US37079,61.1
53,0500000US37081,68.5
54,0500000US37085,61.8
55,0500000US37087,53.1
56,0500000US37091,58.9
57,0500000US37093,63.2
58,0500000US37097,69.9
59,0500000US37099,33.7
60,0500000US37103,59.7
61,0500000US37105,67.7
62,0500000US37109,69
63,0500000US37111,57.7
64,0500000US37115,54.3
65,0500000US37121,55.3
66,0500000US37125,61.1
67,0500000US37127,67
68,0500000US37131,46.1
69,0500000US37133,65.6
70,0500000US37135,73
71,0500000US37139,68.2
72,0500000US37143,62.7
73,0500000US37145,68.7
74,0500000US37149,52.1
75,0500000US37151,67.7
76,0500000US37155,54.9
77,0500000US37167,63.6
78,0500000US37157,69.3
79,0500000US37161,57.2
80,0500000US37163,59.5
81,0500000US37169,65.7
82,0500000US37173,33.9
83,0500000US37177,51.1
84,0500000US37179,73.5
85,0500000US37181,63.3
86,0500000US37185,53.6
87,0500000US37187,58.2
88,0500000US37191,65.9
89,0500000US37193,62.7
90,0500000US37197,65.5
91,0500000US37199,48.2
92,0500000US37059,68.1
93,0500000US37065,64.4
94,0500000US37071,68.3
95,0500000US37077,65.7
96,0500000US37083,59.4
97,0500000US37089,60.5
98,0500000US37095,48.4
99,0500000US37101,69.4
100,0500000US37107,65.3
1,0500000US33011,69.5
2,0500000US33005,63.5
3,0500000US33007,59.2
4,0500000US33019,56.4
5,0500000US33013,67.5
6,0500000US33015,67.1
7,0500000US33017,66.8
8,0500000US33001,54.8
9,0500000US33009,53.7
10,0500000US33003,47.8
1,0500000US30003,53.6
2,0500000US30005,57.4
3,0500000US30007,68.2
4,0500000US30009,54.8
5,0500000US30011,52.8
6,0500000US30013,70.1
7,0500000US30015,59.9
8,0500000US30017,69.7
9,0500000US30019,58.6
10,0500000US30021,67.7
11,0500000US30023,61.4
12,0500000US30025,64
13,0500000US30027,67.5
14,0500000US30029,57.9
15,0500000US30031,65.6
16,0500000US30033,46.9
17,0500000US30035,61.6
18,0500000US30037,54.9
19,0500000US30039,39.6
20,0500000US30041,62.2
21,0500000US30043,70.4
22,0500000US30045,56.1
23,0500000US30047,35
24,0500000US30049,68.5
25,0500000US30051,61.5
26,0500000US30053,55.3
27,0500000US30055,54.2
28,0500000US30057,37.9
29,0500000US30059,43.2
30,0500000US30061,47.7
31,0500000US30063,70.4
32,0500000US30065,57.3
33,0500000US30067,55.8
34,0500000US30069,51.2
35,0500000US30071,60.4
36,0500000US30073,67.3
37,0500000US30075,51.2
38,0500000US30077,59.7
39,0500000US30079,65.2
40,0500000US30081,62.6
41,0500000US30083,67.6
42,0500000US30085,60.1
43,0500000US30087,61.7
44,0500000US30089,57.3
45,0500000US30091,60.9
46,0500000US30093,68.6
47,0500000US30095,59.5
48,0500000US30097,55.1
49,0500000US30099,70.5
50,0500000US30101,59.6
51,0500000US30103,58.4
52,0500000US30105,51.5
53,0500000US30107,59.3
54,0500000US30109,62.1
55,0500000US30111,73.8
56,0500000US30001,56
1,0500000US31001,75.5
2,0500000US31003,70.7
3,0500000US31005,61.4
4,0500000US31007,60.5
5,0500000US31009,50.5
6,0500000US31011,75.1
7,0500000US31013,66.6
8,0500000US31015,54.2
9,0500000US31017,62.6
10,0500000US31019,73.1
11,0500000US31021,69.4
12,0500000US31023,72.9
13,0500000US31025,65.6
14,0500000US31027,69.7
15,0500000US31029,69.5
16,0500000US31031,61.6
17,0500000US31033,67.6
18,0500000US31037,67.2
19,0500000US31039,73.1
20,0500000US31043,66.8
21,0500000US31045,65
22,0500000US31047,69
23,0500000US31049,69.1
24,0500000US31051,72.3
25,0500000US31053,71.4
26,0500000US31055,70.9
27,0500000US31057,63.7
28,0500000US31059,68.3
29,0500000US31061,67.4
30,0500000US31063,59.6
31,0500000US31065,65.7
32,0500000US31067,74.3
33,0500000US31069,55.2
34,0500000US31071,61.6
35,0500000US31073,55
36,0500000US31075,60.4
37,0500000US31077,68.5
38,0500000US31079,73.2
39,0500000US31081,70.9
40,0500000US31083,54.3
41,0500000US31085,53.9
42,0500000US31087,56.8
43,0500000US31089,68.1
44,0500000US31091,68.5
45,0500000US31093,73.7
46,0500000US31095,68.9
47,0500000US31097,69
48,0500000US31099,72.6
49,0500000US31101,57.1
50,0500000US31103,54.6
51,0500000US31105,65.2
52,0500000US31107,62.8
53,0500000US31109,74.6
54,0500000US31111,69.2
55,0500000US31121,70.1
56,0500000US31113,65.3
57,0500000US31115,58.2
58,0500000US31119,71.9
59,0500000US31123,60
60,0500000US31129,70.6
61,0500000US31131,73.1
62,0500000US31133,62.2
63,0500000US31137,73.2
64,0500000US31139,75.9
65,0500000US31143,67.6
66,0500000US31145,70.3
67,0500000US31149,59.8
68,0500000US31151,69.2
69,0500000US31153,75.4
70,0500000US31157,65.2
71,0500000US31159,73.7
72,0500000US31163,62.2
73,0500000US31165,49.9
74,0500000US31167,72.1
75,0500000US31171,59.5
76,0500000US31173,
77,0500000US31177,74.6
78,0500000US31179,74.1
79,0500000US31181,70.7
80,0500000US31185,70.8
81,0500000US31127,68.2
82,0500000US31135,69.4
83,0500000US31141,76.1
84,0500000US31147,68.7
85,0500000US31155,65.9
86,0500000US31161,61.7
87,0500000US31169,72
88,0500000US31175,68.4
89,0500000US31183,52.1
90,0500000US31041,70.3
91,0500000US31125,69.1
92,0500000US31035,72.8
93,0500000US31117,57.6
1,0500000US34003,72.4
2,0500000US34005,75.3
3,0500000US34007,71.3
4,0500000US34009,32.6
5,0500000US34011,66.8
6,0500000US34019,75
7,0500000US34013,59.7
8,0500000US34015,74
9,0500000US34017,61.3
10,0500000US34021,69
11,0500000US34023,71.4
12,0500000US34025,70.1
13,0500000US34027,75.4
14,0500000US34029,63.5
15,0500000US34031,67.6
16,0500000US34033,68.3
17,0500000US34035,75.1
18,0500000US34037,65.6
19,0500000US34039,70
20,0500000US34041,70.4
21,0500000US34001,59.9
1,0500000US39001,63.5
2,0500000US39003,70.2
3,0500000US39005,72.7
4,0500000US39007,65.3
5,0500000US39009,63
6,0500000US39011,76.3
7,0500000US39013,66.9
8,0500000US39017,72
9,0500000US39019,64.9
10,0500000US39021,70
11,0500000US39023,69.5
12,0500000US39025,73.5
13,0500000US39033,70
14,0500000US39027,68.3
15,0500000US39029,67.5
16,0500000US39031,72
17,0500000US39035,65.3
18,0500000US39037,74.6
19,0500000US39039,72.9
20,0500000US39041,78.1
21,0500000US39043,66.7
22,0500000US39045,72.7
23,0500000US39047,68.8
24,0500000US39049,66
25,0500000US39051,75
26,0500000US39053,64
27,0500000US39055,74.9
28,0500000US39057,73.6
29,0500000US39059,66.2
30,0500000US39061,67.2
31,0500000US39063,71
32,0500000US39065,68.5
33,0500000US39067,58.6
34,0500000US39071,64.1
35,0500000US39073,65
36,0500000US39075,71.8
37,0500000US39077,69.6
38,0500000US39079,66.3
39,0500000US39081,65.2
40,0500000US39083,67.9
41,0500000US39085,75
42,0500000US39087,64.9
43,0500000US39089,71.3
44,0500000US39093,72.1
45,0500000US39095,67.3
46,0500000US39097,72
47,0500000US39099,68.1
48,0500000US39101,67.1
49,0500000US39103,77
50,0500000US39105,65.7
51,0500000US39107,73.1
52,0500000US39109,74.3
53,0500000US39111,61.9
54,0500000US39113,68.1
55,0500000US39115,57.2
56,0500000US39117,66.5
57,0500000US39119,68.5
58,0500000US39121,62.5
59,0500000US39123,51.8
60,0500000US39125,69.1
61,0500000US39127,65.7
62,0500000US39129,67.5
63,0500000US39131,64.7
64,0500000US39133,70.8
65,0500000US39135,70.4
66,0500000US39137,74.7
67,0500000US39139,69
68,0500000US39141,67.7
69,0500000US39143,72.8
70,0500000US39145,65.4
71,0500000US39147,71.3
72,0500000US39149,71.9
73,0500000US39153,71.6
74,0500000US39155,69.3
75,0500000US39157,70
76,0500000US39159,72.8
77,0500000US39161,74
78,0500000US39163,63.9
79,0500000US39165,76.5
80,0500000US39167,69.6
81,0500000US39171,67.7
82,0500000US39173,70.1
83,0500000US39175,73.1
84,0500000US39015,66
85,0500000US39091,57.6
86,0500000US39169,73.4
87,0500000US39069,72.6
88,0500000US39151,73.3
1,0500000US38003,66.7
2,0500000US38005,57.1
3,0500000US38007,52.3
4,0500000US38009,52.8
5,0500000US38011,67.3
6,0500000US38013,50.4
7,0500000US38015,77.7
8,0500000US38017,73.9
9,0500000US38019,62.4
10,0500000US38021,63.1
11,0500000US38023,51.7
12,0500000US38025,55.3
13,0500000US38027,64.4
14,0500000US38029,61
15,0500000US38031,68.5
16,0500000US38033,57.3
17,0500000US38035,70.1
18,0500000US38037,55.7
19,0500000US38039,62.9
20,0500000US38041,61.8
21,0500000US38043,50.9
22,0500000US38045,66.3
23,0500000US38047,61.1
24,0500000US38049,65.1
25,0500000US38051,56.8
26,0500000US38053,60.2
27,0500000US38055,55.2
28,0500000US38057,65.5
29,0500000US38059,72
30,0500000US38061,50
31,0500000US38063,60.5
32,0500000US38065,66.3
33,0500000US38067,68
34,0500000US38069,69.9
35,0500000US38071,67.3
36,0500000US38073,66.7
37,0500000US38075,60.1
38,0500000US38077,62.2
39,0500000US38079,55.2
40,0500000US38081,68.4
41,0500000US38083,59.9
42,0500000US38085,
43,0500000US38087,51.3
44,0500000US38089,68.9
45,0500000US38091,55.3
46,0500000US38093,67.6
47,0500000US38095,56.5
48,0500000US38097,70.5
49,0500000US38099,69.8
50,0500000US38101,69.6
51,0500000US38103,64.3
52,0500000US38105,66.8
53,0500000US38001,61.1
1,0500000US23003,55.7
2,0500000US23005,66.3
3,0500000US23007,44.7
4,0500000US23009,47.5
5,0500000US23011,62.7
6,0500000US23013,53.4
7,0500000US23015,49.1
8,0500000US23017,51.6
9,0500000US23019,63.6
10,0500000US23021,44.4
11,0500000US23023,63.3
12,0500000US23025,50.5
13,0500000US23027,55.4
14,0500000US23029,46.9
15,0500000US23031,52.1
16,0500000US23001,64.3
1,0500000US54003,64.6
2,0500000US54005,43.7
3,0500000US54007,57.4
4,0500000US54009,67.3
5,0500000US54011,62
6,0500000US54013,51.1
7,0500000US54015,46.6
8,0500000US54017,53.4
9,0500000US54019,56.1
10,0500000US54021,57.1
11,0500000US54023,58.8
12,0500000US54025,57.1
13,0500000US54027,48.4
14,0500000US54029,65.4
15,0500000US54031,55.1
16,0500000US54033,63.9
17,0500000US54035,64.2
18,0500000US54037,62.8
19,0500000US54039,64.4
20,0500000US54041,61.8
21,0500000US54043,48.1
22,0500000US54045,50.8
23,0500000US54047,38.2
24,0500000US54049,63.4
25,0500000US54051,65.6
26,0500000US54053,56
27,0500000US54055,55.7
28,0500000US54057,63.1
29,0500000US54059,45.4
30,0500000US54061,64.4
31,0500000US54063,50.7
32,0500000US54065,56
33,0500000US54067,51.8
34,0500000US54069,65.3
35,0500000US54071,49.9
36,0500000US54073,58.9
37,0500000US54075,29.3
38,0500000US54077,61.7
39,0500000US54079,67.7
40,0500000US54081,50.5
41,0500000US54083,55
42,0500000US54085,51.2
43,0500000US54087,64.3
44,0500000US54089,45.7
45,0500000US54091,64.4
46,0500000US54093,43.6
47,0500000US54095,58.3
48,0500000US54097,61.2
49,0500000US54099,55
50,0500000US54101,54.8
51,0500000US54103,60.6
52,0500000US54105,51.2
53,0500000US54107,67.6
54,0500000US54109,48.7
55,0500000US54001,60.4
1,0500000US02016,47.8
2,0500000US02020,67.4
3,0500000US02050,49
4,0500000US02063,61.3
5,0500000US02100,45.3
6,0500000US02068,36.4
7,0500000US02070,50.2
8,0500000US02090,48.3
9,0500000US02105,38.7
10,0500000US02110,59.4
11,0500000US02122,43.2
12,0500000US02130,44.9
13,0500000US02150,45.5
14,0500000US02170,45.8
15,0500000US02180,50.1
16,0500000US02185,36.1
17,0500000US02188,49.8
18,0500000US02195,69.7
19,0500000US02198,49.1
20,0500000US02220,49.6
21,0500000US02230,41.1
22,0500000US02240,0.4
23,0500000US02275,57.4
24,0500000US02282,41.4
25,0500000US02013,46.3
1,0500000US72001,62.9
2,0500000US72003,56.8
3,0500000US72005,56
4,0500000US72007,53.5
5,0500000US72009,63.5
6,0500000US72011,56.1
7,0500000US72013,59.5
8,0500000US72017,57.1
9,0500000US72019,58.2
10,0500000US72021,60.1
11,0500000US72023,50.3
12,0500000US72025,60.6
13,0500000US72027,63.6
14,0500000US72029,52.4
15,0500000US72031,57.7
16,0500000US72039,56.2
17,0500000US72033,54.6
18,0500000US72035,54.9
19,0500000US72037,43.2
20,0500000US72041,59
21,0500000US72043,60.1
22,0500000US72045,53.4
23,0500000US72047,60.3
24,0500000US72049,27.2
25,0500000US72051,54.4
26,0500000US72053,46.3
27,0500000US72054,60.1
28,0500000US72055,52.9
29,0500000US72057,55.3
30,0500000US72059,61
31,0500000US72063,60
32,0500000US72065,62.5
33,0500000US72067,65.7
34,0500000US72069,50
35,0500000US72071,56.3
36,0500000US72073,60.5
37,0500000US72075,62.5
38,0500000US72077,56.9
39,0500000US72079,55.8
40,0500000US72081,59.6
41,0500000US72083,59
42,0500000US72085,57.3
43,0500000US72087,48.3
44,0500000US72089,41.9
45,0500000US72091,59.9
46,0500000US72093,48
47,0500000US72095,54.2
48,0500000US72097,55.2
49,0500000US72099,57.3
50,0500000US72101,60.5
51,0500000US72103,55.4
52,0500000US72105,57.5
53,0500000US72107,61.6
54,0500000US72111,62.4
55,0500000US72113,60.1
56,0500000US72115,63.2
57,0500000US72117,39.2
58,0500000US72119,50
59,0500000US72121,62.8
60,0500000US72123,51
61,0500000US72125,61.2
62,0500000US72127,52.4
63,0500000US72131,60.4
64,0500000US72133,57.3
65,0500000US72137,57.8
66,0500000US72139,58.7
67,0500000US72143,53.6
68,0500000US72145,58.9
69,0500000US72149,61.2
70,0500000US72151,56.1
71,0500000US72129,58.4
72,0500000US72135,60.6
73,0500000US72141,56.5
74,0500000US72147,38.6
75,0500000US72153,62.6
76,0500000US72061,61.2
77,0500000US72015,51.9
78,0500000US72109,51.1
1,0500000US16003,51
2,0500000US16005,70.9
3,0500000US16007,50
4,0500000US16009,64.8
5,0500000US16011,69.2
6,0500000US16013,43
7,0500000US16015,47.8
8,0500000US16017,51
9,0500000US16019,72.9
10,0500000US16021,64.2
11,0500000US16023,60.1
12,0500000US16025,44.8
13,0500000US16027,70.8
14,0500000US16029,57.1
15,0500000US16031,64
16,0500000US16033,44.8
17,0500000US16035,59.3
18,0500000US16037,53.9
19,0500000US16039,63.9
20,0500000US16041,66.4
21,0500000US16043,39.1
22,0500000US16045,70.6
23,0500000US16047,64.3
24,0500000US16049,61.9
25,0500000US16051,70
26,0500000US16053,69.8
27,0500000US16055,66.1
28,0500000US16057,65.8
29,0500000US16059,59.4
30,0500000US16061,66
31,0500000US16063,46.6
32,0500000US16065,76.3
33,0500000US16067,66.4
34,0500000US16069,72
35,0500000US16071,66.5
36,0500000US16073,58.2
37,0500000US16075,69.5
38,0500000US16077,68.6
39,0500000US16079,48.9
40,0500000US16081,23.7
41,0500000US16083,69.6
42,0500000US16085,31.3
43,0500000US16087,68
44,0500000US16001,75.1
1,0500000US55001,39.9
2,0500000US55003,
3,0500000US55005,62.7
4,0500000US55007,
5,0500000US55009,80.2
6,0500000US55011,66.6
7,0500000US55013,0
8,0500000US55015,82
9,0500000US55017,76.4
10,0500000US55019,69.5
11,0500000US55021,72.4
12,0500000US55023,60.6
13,0500000US55025,77.9
14,0500000US55027,75.6
15,0500000US55029,62.8
16,0500000US55031,75.5
17,0500000US55033,70.1
18,0500000US55035,79.1
19,0500000US55037,
20,0500000US55039,77.4
21,0500000US55041,
22,0500000US55043,73.2
23,0500000US55045,78
24,0500000US55047,61.1
25,0500000US55049,75.2
26,0500000US55051,
27,0500000US55053,61.4
28,0500000US55055,74.5
29,0500000US55057,58.1
30,0500000US55059,70.6
31,0500000US55061,77
32,0500000US55063,79.5
33,0500000US55065,75
34,0500000US55067,69.8
35,0500000US55069,74.5
36,0500000US55071,77.3
37,0500000US55073,78.5
38,0500000US55075,68.8
39,0500000US55077,50.7
40,0500000US55078,
41,0500000US55079,68.9
42,0500000US55081,70.2
43,0500000US55083,70.5
44,0500000US55085,
45,0500000US55087,80.5
46,0500000US55089,81.5
47,0500000US55091,71.8
48,0500000US55093,72.4
49,0500000US55095,56.7
50,0500000US55097,77
51,0500000US55099,
52,0500000US55101,73.9
53,0500000US55103,66.1
54,0500000US55105,74.2
55,0500000US55107,55
56,0500000US55109,75.5
57,0500000US55111,68.6
58,0500000US55113,
59,0500000US55121,68
60,0500000US55115,67.1
61,0500000US55117,76.8
62,0500000US55119,70.3
63,0500000US55123,63.2
64,0500000US55125,
65,0500000US55127,59.8
66,0500000US55129,100
67,0500000US55131,81.4
68,0500000US55133,81.2
69,0500000US55135,69.4
70,0500000US55137,52.2
71,0500000US55139,78.1
72,0500000US55141,78.6
1,0500000US40001,52.2
2,0500000US40003,55.1
3,0500000US40005,53.6
4,0500000US40007,51.2
5,0500000US40009,57.8
6,0500000US40011,49.1
7,0500000US40013,51.9
8,0500000US40015,52.9
9,0500000US40017,71.6
10,0500000US40019,62.8
11,0500000US40021,54.4
12,0500000US40023,52
13,0500000US40025,45.9
14,0500000US40027,70.5
15,0500000US40029,52.4
16,0500000US40031,62
17,0500000US40033,55.7
18,0500000US40035,58.4
19,0500000US40037,61
20,0500000US40039,62.6
21,0500000US40041,47.1
22,0500000US40043,52.5
23,0500000US40045,52.3
24,0500000US40047,68
25,0500000US40049,59.1
26,0500000US40051,64
27,0500000US40053,57.7
28,0500000US40055,58.2
29,0500000US40057,47.7
30,0500000US40061,52.6
31,0500000US40063,53
32,0500000US40065,61.8
33,0500000US40067,53.2
34,0500000US40069,51.2
35,0500000US40071,66.3
36,0500000US40073,62.9
37,0500000US40075,52.4
38,0500000US40077,51
39,0500000US40079,56.2
40,0500000US40081,58.8
41,0500000US40083,62.6
42,0500000US40085,55
43,0500000US40087,64.8
44,0500000US40089,48.7
45,0500000US40091,42.5
46,0500000US40093,62.7
47,0500000US40095,41.3
48,0500000US40097,56.6
49,0500000US40099,53
50,0500000US40101,61.6
51,0500000US40103,60.6
52,0500000US40105,65
53,0500000US40107,52.6
54,0500000US40109,64.8
55,0500000US40111,59.1
56,0500000US40113,59.8
57,0500000US40115,58.5
58,0500000US40123,55.9
59,0500000US40117,54.3
60,0500000US40119,64.5
61,0500000US40121,51.1
62,0500000US40125,65.4
63,0500000US40127,51.6
64,0500000US40129,50.2
65,0500000US40131,67.5
66,0500000US40133,56.4
67,0500000US40135,54.5
68,0500000US40137,64.3
69,0500000US40139,57.1
70,0500000US40141,55.3
71,0500000US40143,66.3
72,0500000US40145,64.3
73,0500000US40147,67.7
74,0500000US40149,57.7
75,0500000US40151,61.1
76,0500000US40153,59.7
77,0500000US40059,56.1
1,0500000US42007,72.3
2,0500000US42009,70.9
3,0500000US42011,75.1
4,0500000US42013,72.1
5,0500000US42015,65.4
6,0500000US42017,75.6
7,0500000US42019,73.8
8,0500000US42021,68.3
9,0500000US42023,53
10,0500000US42025,63.4
11,0500000US42027,70.3
12,0500000US42029,75.6
13,0500000US42031,63.4
14,0500000US42033,64.2
15,0500000US42035,66.8
16,0500000US42037,68.2
17,0500000US42039,64.5
18,0500000US42041,77.3
19,0500000US42043,71.4
20,0500000US42045,73
21,0500000US42047,68.1
22,0500000US42049,73.4
23,0500000US42051,65.1
24,0500000US42053,22.1
25,0500000US42055,72.7
26,0500000US42057,64.8
27,0500000US42059,61.7
28,0500000US42061,61.8
29,0500000US42063,65.4
30,0500000US42065,70.5
31,0500000US42067,68.4
32,0500000US42069,68.3
33,0500000US42071,77.2
34,0500000US42073,69.7
35,0500000US42075,75.2
36,0500000US42077,75.6
37,0500000US42079,68.2
38,0500000US42081,69.3
39,0500000US42083,63.8
40,0500000US42085,71.3
41,0500000US42087,71.3
42,0500000US42089,55.6
43,0500000US42091,75.5
44,0500000US42093,73.9
45,0500000US42095,76.5
46,0500000US42097,66.7
47,0500000US42099,69.6
48,0500000US42101,62.4
49,0500000US42109,72.2
50,0500000US42103,30.9
51,0500000US42105,56.2
52,0500000US42107,68.8
53,0500000US42111,64.8
54,0500000US42113,36.1
55,0500000US42115,55.2
56,0500000US42117,64.5
57,0500000US42119,71.5
58,0500000US42121,66.5
59,0500000US42123,60.4
60,0500000US42125,71.2
61,0500000US42127,50.4
62,0500000US42129,71.6
63,0500000US42131,64.4
64,0500000US42133,76.9
65,0500000US42001,76.7
66,0500000US42003,71.3
67,0500000US42005,65.9
1,0500000US47001,68.1
2,0500000US47003,69.9
3,0500000US47005,62
4,0500000US47007,60.2
5,0500000US47009,71.6
6,0500000US47011,69.3
7,0500000US47013,61.6
8,0500000US47015,69
9,0500000US47017,65.4
10,0500000US47019,67.3
11,0500000US47021,72.3
12,0500000US47023,71.4
13,0500000US47025,63.6
14,0500000US47027,58.8
15,0500000US47029,65.6
16,0500000US47031,70
17,0500000US47033,61.5
18,0500000US47035,68.5
19,0500000US47037,67.2
20,0500000US47039,59.3
21,0500000US47041,62.3
22,0500000US47043,69.7
23,0500000US47045,69.2
24,0500000US47047,70.3
25,0500000US47049,56.1
26,0500000US47051,66.9
27,0500000US47053,69.4
28,0500000US47055,67
29,0500000US47057,63.5
30,0500000US47059,69
31,0500000US47061,34.8
32,0500000US47063,69
33,0500000US47065,67.3
34,0500000US47069,59.5
35,0500000US47071,60.7
36,0500000US47073,69.7
37,0500000US47075,67.9
38,0500000US47077,67
39,0500000US47079,63.4
40,0500000US47081,69
41,0500000US47083,57.7
42,0500000US47085,66.9
43,0500000US47087,66.2
44,0500000US47091,66.9
45,0500000US47093,71.4
46,0500000US47095,64.2
47,0500000US47097,61.8
48,0500000US47099,70
49,0500000US47103,68
50,0500000US47105,72.4
51,0500000US47109,66.9
52,0500000US47111,66.1
53,0500000US47113,68.2
54,0500000US47117,70.8
55,0500000US47119,70.2
56,0500000US47123,65.1
57,0500000US47125,64.1
58,0500000US47129,60.6
59,0500000US47131,67.1
60,0500000US47135,57.5
61,0500000US47149,69.4
62,0500000US47139,57.6
63,0500000US47143,61.8
64,0500000US47145,66.7
65,0500000US47151,60.4
66,0500000US47155,51.3
67,0500000US47157,62.5
68,0500000US47159,66
69,0500000US47163,71.2
70,0500000US47165,72.4
71,0500000US47167,70.2
72,0500000US47171,68.8
73,0500000US47173,63.8
74,0500000US47177,67.1
75,0500000US47181,58.3
76,0500000US47185,70.7
77,0500000US47187,76.7
78,0500000US47101,70.3
79,0500000US47107,63.3
80,0500000US47115,59.6
81,0500000US47121,55.3
82,0500000US47127,68.9
83,0500000US47133,69.8
84,0500000US47141,69
85,0500000US47147,69.3
86,0500000US47153,57.8
87,0500000US47161,64.2
88,0500000US47169,70.1
89,0500000US47175,61.9
90,0500000US47183,66.7
91,0500000US47189,72.9
92,0500000US47067,58.6
93,0500000US47179,71.9
94,0500000US47089,66.8
95,0500000US47137,55.8
1,0500000US26001,40.2
2,0500000US26003,45.3
3,0500000US26007,67.7
4,0500000US26009,42.3
5,0500000US26013,50.9
6,0500000US26015,69.6
7,0500000US26017,76.2
8,0500000US26019,46.5
9,0500000US26021,65.1
10,0500000US26023,64.9
11,0500000US26025,69.5
12,0500000US26027,64.1
13,0500000US26029,51.4
14,0500000US26031,50.6
15,0500000US26033,52.8
16,0500000US26035,47.9
17,0500000US26037,76
18,0500000US26039,44.3
19,0500000US26041,63.5
20,0500000US26043,66.1
21,0500000US26045,72.9
22,0500000US26047,50.5
23,0500000US26049,68.5
24,0500000US26051,50.3
25,0500000US26053,53.4
26,0500000US26055,68
27,0500000US26057,74.7
28,0500000US26059,66
29,0500000US26061,60.7
30,0500000US26063,58.3
31,0500000US26065,72.6
32,0500000US26067,73.3
33,0500000US26069,48.6
34,0500000US26071,50.5
35,0500000US26073,70.3
36,0500000US26075,69.3
37,0500000US26077,71.5
38,0500000US26079,45.2
39,0500000US26081,73.6
40,0500000US26083,35.7
41,0500000US26085,27.3
42,0500000US26087,73.9
43,0500000US26089,50
44,0500000US26091,69.7
45,0500000US26093,75.3
46,0500000US26099,75.4
47,0500000US26101,55.3
48,0500000US26103,64
49,0500000US26105,59.1
50,0500000US26107,60.3
51,0500000US26109,60.9
52,0500000US26111,75.9
53,0500000US26113,54.5
54,0500000US26115,72.9
55,0500000US26117,67.4
56,0500000US26119,39.1
57,0500000US26121,70.6
58,0500000US26123,59.3
59,0500000US26125,74
60,0500000US26127,52.4
61,0500000US26129,48.9
62,0500000US26131,48
63,0500000US26133,55.8
64,0500000US26135,37.3
65,0500000US26137,52.8
66,0500000US26139,75.4
67,0500000US26141,49.1
68,0500000US26143,39.7
69,0500000US26145,72.2
70,0500000US26147,70.7
71,0500000US26149,66.8
72,0500000US26151,61.9
73,0500000US26153,49.6
74,0500000US26155,73.9
75,0500000US26157,73.2
76,0500000US26159,63.1
77,0500000US26161,73.3
78,0500000US26163,63.1
79,0500000US26165,62.7
80,0500000US26011,59.2
81,0500000US26095,46.4
82,0500000US26005,69.5
83,0500000US26097,37.3
1,0500000US56003,64.4
2,0500000US56005,63.7
3,0500000US56007,51.5
4,0500000US56009,64
5,0500000US56011,59.7
6,0500000US56013,63.1
7,0500000US56015,65
8,0500000US56017,65.1
9,0500000US56025,63.3
10,0500000US56019,64.6
11,0500000US56021,70.3
12,0500000US56023,56.9
13,0500000US56027,57.7
14,0500000US56029,66.9
15,0500000US56031,61.6
16,0500000US56033,68
17,0500000US56035,44.9
18,0500000US56037,65.7
19,0500000US56039,49.3
20,0500000US56041,60.9
21,0500000US56043,71.1
22,0500000US56045,64.2
23,0500000US56001,63.6
1,0500000US50003,61.6
2,0500000US50005,56.4
3,0500000US50007,73.6
4,0500000US50009,44.9
5,0500000US50011,66.6
6,0500000US50013,52.8
7,0500000US50015,46.9
8,0500000US50017,53.1
9,0500000US50019,46.8
10,0500000US50021,58.4
11,0500000US50023,59.9
12,0500000US50025,56.1
13,0500000US50027,52.9
14,0500000US50001,62.1
1,0500000US21137,66.8
2,0500000US21139,60.6
3,0500000US21143,54.3
4,0500000US21145,71
5,0500000US21149,62.7
6,0500000US21151,67.4
7,0500000US21153,46.3
8,0500000US21157,66.4
9,0500000US21163,65.4
10,0500000US21165,47.2
11,0500000US21169,61.3
12,0500000US21171,63.9
13,0500000US21173,68.8
14,0500000US21179,74.1
15,0500000US21183,67.2
16,0500000US21185,76.5
17,0500000US21187,51.8
18,0500000US21191,65.2
19,0500000US21193,44.6
20,0500000US21197,54.8
21,0500000US21199,64.5
22,0500000US21203,57.9
23,0500000US21205,61.7
24,0500000US21207,57.7
25,0500000US21209,69.3
26,0500000US21211,72.2
27,0500000US21213,70.8
28,0500000US21215,70.9
29,0500000US21217,74.1
30,0500000US21219,60.9
31,0500000US21221,58
32,0500000US21223,63.8
33,0500000US21225,67.6
34,0500000US21227,70.2
35,0500000US21229,70.6
36,0500000US21231,52.3
37,0500000US21233,59.3
38,0500000US21235,61.2
39,0500000US21237,44.7
40,0500000US21239,65.8
41,0500000US21067,67.3
42,0500000US21075,62.2
43,0500000US21081,66.5
44,0500000US21087,71.2
45,0500000US21095,32.6
46,0500000US21101,71.3
47,0500000US21109,53.5
48,0500000US21115,53.4
49,0500000US21123,71.1
50,0500000US21129,47.9
51,0500000US21135,55.3
52,0500000US21141,66.4
53,0500000US21147,52.5
54,0500000US21155,74.5
55,0500000US21161,66.2
56,0500000US21167,62.8
57,0500000US21175,51.5
58,0500000US21181,67.1
59,0500000US21189,52.2
60,0500000US21195,50.9
61,0500000US21201,41.2
62,0500000US21049,69.9
63,0500000US21159,50.2
64,0500000US21053,54.3
65,0500000US21177,64.4
66,0500000US21001,67.4
67,0500000US21003,65
68,0500000US21005,70.8
69,0500000US21007,53.7
70,0500000US21009,68.8
71,0500000US21011,50.6
72,0500000US21013,43.9
73,0500000US21015,74.6
74,0500000US21017,65.5
75,0500000US21019,68.4
76,0500000US21021,67.4
77,0500000US21023,62.9
78,0500000US21025,46.8
79,0500000US21027,55.2
80,0500000US21029,73
81,0500000US21031,60.5
82,0500000US21033,69.9
83,0500000US21035,63.6
84,0500000US21037,69.8
85,0500000US21039,55.4
86,0500000US21041,64.3
87,0500000US21043,55.4
88,0500000US21045,58.1
89,0500000US21047,65.3
90,0500000US21051,54.2
91,0500000US21055,62.7
92,0500000US21057,54.2
93,0500000US21059,75.5
94,0500000US21061,58.8
95,0500000US21063,54.8
96,0500000US21065,64.6
97,0500000US21069,64.7
98,0500000US21071,40.7
99,0500000US21073,68.1
100,0500000US21077,48.2
101,0500000US21079,60
102,0500000US21083,69.3
103,0500000US21085,63.3
104,0500000US21089,59.4
105,0500000US21091,66.2
106,0500000US21093,71.3
107,0500000US21097,67.8
108,0500000US21099,65.7
109,0500000US21103,65.4
110,0500000US21105,62.2
111,0500000US21107,66.9
112,0500000US21111,69.1
113,0500000US21113,68.9
114,0500000US21117,71.9
115,0500000US21119,39.3
116,0500000US21121,48.9
117,0500000US21125,66.7
118,0500000US21127,64
119,0500000US21131,33.7
120,0500000US21133,48
1,0500000US32003,60.4
2,0500000US32005,58.9
3,0500000US32007,57.1
4,0500000US32009,31.7
5,0500000US32011,40.2
6,0500000US32013,58
7,0500000US32015,50.4
8,0500000US32017,53.6
9,0500000US32019,60.6
10,0500000US32021,53.2
11,0500000US32023,53.4
12,0500000US32027,56.1
13,0500000US32029,47.2
14,0500000US32031,66.9
15,0500000US32033,56
16,0500000US32510,71.1
17,0500000US32001,68.3
1,0500000US46003,58.7
2,0500000US46005,71
3,0500000US46007,
4,0500000US46009,46.4
5,0500000US46011,68.9
6,0500000US46013,70.7
7,0500000US46015,68.2
8,0500000US46017,50.8
9,0500000US46019,66.5
10,0500000US46021,57.8
11,0500000US46023,60.5
12,0500000US46025,60.2
13,0500000US46027,67.8
14,0500000US46029,73.9
15,0500000US46031,
16,0500000US46033,62
17,0500000US46035,69.9
18,0500000US46037,53.5
19,0500000US46039,46.7
20,0500000US46041,
21,0500000US46043,42.6
22,0500000US46045,68.3
23,0500000US46047,62.7
24,0500000US46049,67.4
25,0500000US46051,72.7
26,0500000US46053,60.5
27,0500000US46055,59.3
28,0500000US46057,40.1
29,0500000US46059,65.4
30,0500000US46061,47.8
31,0500000US46063,55.2
32,0500000US46065,75.2
33,0500000US46067,47.7
34,0500000US46069,63.8
35,0500000US46071,56
36,0500000US46073,59
37,0500000US46075,56.6
38,0500000US46077,47.9
39,0500000US46079,60.7
40,0500000US46081,64.4
41,0500000US46089,58.8
42,0500000US46083,73.6
43,0500000US46085,62.2
44,0500000US46087,54.4
45,0500000US46091,55.4
46,0500000US46093,68.4
47,0500000US46095,42.8
48,0500000US46097,52.3
49,0500000US46099,73.2
50,0500000US46101,59.3
51,0500000US46102,
52,0500000US46103,69.9
53,0500000US46105,43.9
54,0500000US46107,56.4
55,0500000US46109,52.2
56,0500000US46111,48.3
57,0500000US46115,58
58,0500000US46117,69.4
59,0500000US46119,53.9
60,0500000US46121,
61,0500000US46123,60
62,0500000US46125,58.2
63,0500000US46127,66.2
64,0500000US46129,62.1
65,0500000US46135,69.9
66,0500000US46137,
1,0500000US15009,49
2,0500000US15005,0
3,0500000US15007,52.1
4,0500000US15001,52.7
5,0500000US15003,71
1,0500000US41003,73.1
2,0500000US41005,70.2
3,0500000US41007,52.7
4,0500000US41009,66.3
5,0500000US41011,63
6,0500000US41013,62
7,0500000US41015,53.1
8,0500000US41017,59.1
9,0500000US41019,64.3
10,0500000US41021,52.6
11,0500000US41023,57.3
12,0500000US41025,62.2
13,0500000US41027,65.9
14,0500000US41029,66.3
15,0500000US41031,51.8
16,0500000US41033,64.1
17,0500000US41035,59.1
18,0500000US41037,55.8
19,0500000US41039,68.8
20,0500000US41041,43.2
21,0500000US41043,68.3
22,0500000US41045,67.2
23,0500000US41047,68.8
24,0500000US41049,43.9
25,0500000US41051,70.5
26,0500000US41053,70.4
27,0500000US41055,52.4
28,0500000US41057,40.7
29,0500000US41059,62
30,0500000US41061,66.2
31,0500000US41063,50.5
32,0500000US41065,62.3
33,0500000US41067,72.5
34,0500000US41069,46.1
35,0500000US41071,67.1
36,0500000US41001,58.1
1,0500000US45089,59.8
2,0500000US45091,73.3
3,0500000US45001,60.2
4,0500000US45003,66.3
5,0500000US45005,46
6,0500000US45007,68.2
7,0500000US45009,54.7
8,0500000US45011,61.1
9,0500000US45013,53.5
10,0500000US45015,65.5
11,0500000US45017,66.3
12,0500000US45019,63.7
13,0500000US45021,67.2
14,0500000US45023,67.5
15,0500000US45025,61.4
16,0500000US45027,58.1
17,0500000US45029,62.5
18,0500000US45031,63.7
19,0500000US45033,58.6
20,0500000US45035,69.4
21,0500000US45037,68.6
22,0500000US45039,64.2
23,0500000US45041,65
24,0500000US45043,54.4
25,0500000US45045,71.7
26,0500000US45047,66.2
27,0500000US45049,42.5
28,0500000US45051,50.5
29,0500000US45053,46.7
30,0500000US45055,68.9
31,0500000US45057,72.3
32,0500000US45059,60.6
33,0500000US45061,56.8
34,0500000US45063,71.9
35,0500000US45065,49
36,0500000US45067,60.1
37,0500000US45069,60.3
38,0500000US45071,64.2
39,0500000US45073,62.7
40,0500000US45075,57.3
41,0500000US45077,68.6
42,0500000US45079,69.9
43,0500000US45081,63.2
44,0500000US45083,66.1
45,0500000US45085,67
46,0500000US45087,64.1
1,0500000US49005,70.8
2,0500000US49003,71.2
3,0500000US49007,57.6
4,0500000US49009,27.1
5,0500000US49011,76.5
6,0500000US49013,0
7,0500000US49015,59.5
8,0500000US49017,39.4
9,0500000US49019,56.7
10,0500000US49021,57.8
11,0500000US49023,69.3
12,0500000US49025,36.6
13,0500000US49027,64.9
14,0500000US49029,67
15,0500000US49031,52
16,0500000US49033,23.7
17,0500000US49035,71.6
18,0500000US49037,56
19,0500000US49039,55.9
20,0500000US49041,64.9
21,0500000US49043,31.4
22,0500000US49045,70.3
23,0500000US49047,63.1
24,0500000US49049,73.4
25,0500000US49051,51.1
26,0500000US49053,62.7
27,0500000US49055,51.9
28,0500000US49057,68.8
29,0500000US49001,57.7
1,0500000US19001,74.4
2,0500000US19003,69.1
3,0500000US19005,63.5
4,0500000US19007,65
5,0500000US19009,74
6,0500000US19011,73.3
7,0500000US19013,74.6
8,0500000US19015,72.8
9,0500000US19017,80.1
10,0500000US19019,73.5
11,0500000US19021,73
12,0500000US19023,77.6
13,0500000US19025,69.9
14,0500000US19027,78.1
15,0500000US19029,73.4
16,0500000US19031,75.9
17,0500000US19033,73.5
18,0500000US19035,73.8
19,0500000US19037,76.9
20,0500000US19039,68.3
21,0500000US19041,71.3
22,0500000US19043,71.4
23,0500000US19045,74.2
24,0500000US19049,74.6
25,0500000US19051,70.4
26,0500000US19055,73.8
27,0500000US19057,72.5
28,0500000US19059,56.2
29,0500000US19061,78.7
30,0500000US19063,68.4
31,0500000US19065,75.2
32,0500000US19067,75.1
33,0500000US19069,70.5
34,0500000US19071,69.6
35,0500000US19073,69
36,0500000US19075,80.1
37,0500000US19077,65.9
38,0500000US19079,73
39,0500000US19081,72.6
40,0500000US19083,72.3
41,0500000US19085,70
42,0500000US19087,72.7
43,0500000US19089,74.4
44,0500000US19091,73.5
45,0500000US19093,73.4
46,0500000US19095,75.9
47,0500000US19097,71.6
48,0500000US19099,72.2
49,0500000US19103,74.9
50,0500000US19105,75.4
51,0500000US19107,71
52,0500000US19111,71.7
53,0500000US19113,73.1
54,0500000US19115,65.1
55,0500000US19119,75.3
56,0500000US19121,74.1
57,0500000US19123,70.3
58,0500000US19127,72.5
59,0500000US19129,70.9
60,0500000US19131,76.9
61,0500000US19135,66.5
62,0500000US19137,70.7
63,0500000US19141,75.2
64,0500000US19143,72.7
65,0500000US19145,71.1
66,0500000US19151,70.1
67,0500000US19157,67.5
68,0500000US19159,62.1
69,0500000US19161,68.5
70,0500000US19163,72.8
71,0500000US19167,79.2
72,0500000US19169,76.7
73,0500000US19179,70.5
74,0500000US19171,71.8
75,0500000US19175,68.7
76,0500000US19177,66.4
77,0500000US19183,74.2
78,0500000US19185,64.1
79,0500000US19187,71.2
80,0500000US19191,75.2
81,0500000US19193,71.4
82,0500000US19197,68.5
83,0500000US19101,68.9
84,0500000US19109,73.5
85,0500000US19117,66.6
86,0500000US19125,74.4
87,0500000US19133,69.6
88,0500000US19139,73.3
89,0500000US19147,69.7
90,0500000US19155,72.2
91,0500000US19165,76.1
92,0500000US19173,67.6
93,0500000US19181,75.1
94,0500000US19189,73
95,0500000US19195,74.5
96,0500000US19053,60.6
97,0500000US19149,76.4
98,0500000US19047,72.8
99,0500000US19153,73
1,0500000US44009,61.6
2,0500000US44005,65.1
3,0500000US44007,64.7
4,0500000US44001,72.8
5,0500000US44003,71.4
1,0500000US27001,40.7
2,0500000US27003,79.5
3,0500000US27005,59.7
4,0500000US27007,64.5
5,0500000US27009,76.4
6,0500000US27011,60.6
7,0500000US27013,74.9
8,0500000US27015,81.4
9,0500000US27017,70.8
10,0500000US27019,80.5
11,0500000US27021,46.7
12,0500000US27023,75.8
13,0500000US27025,78.7
14,0500000US27027,75.1
15,0500000US27035,60.2
16,0500000US27029,57.5
17,0500000US27031,36.4
18,0500000US27033,74.7
19,0500000US27037,78.8
20,0500000US27039,77.3
21,0500000US27043,72.8
22,0500000US27045,72.7
23,0500000US27047,75.6
24,0500000US27049,77
25,0500000US27051,66.5
26,0500000US27053,76.2
27,0500000US27055,78.2
28,0500000US27059,74.6
29,0500000US27061,57.9
30,0500000US27063,73.8
31,0500000US27065,68
32,0500000US27067,70
33,0500000US27069,63.3
34,0500000US27071,63.3
35,0500000US27073,71.2
36,0500000US27075,51.3
37,0500000US27077,29.8
38,0500000US27079,73.7
39,0500000US27081,68.1
40,0500000US27083,75.5
41,0500000US27085,79.2
42,0500000US27087,
43,0500000US27089,72.8
44,0500000US27091,74.6
45,0500000US27093,72.3
46,0500000US27095,75
47,0500000US27097,75.6
48,0500000US27099,75.3
49,0500000US27101,68.4
50,0500000US27103,80.1
51,0500000US27105,73.9
52,0500000US27107,68.2
53,0500000US27109,76.7
54,0500000US27111,61.2
55,0500000US27113,72.4
56,0500000US27115,56.3
57,0500000US27117,72.8
58,0500000US27119,68.6
59,0500000US27121,63.4
60,0500000US27123,75.6
61,0500000US27125,73.8
62,0500000US27127,76.5
63,0500000US27131,75.3
64,0500000US27133,78.3
65,0500000US27135,67.7
66,0500000US27137,68.3
67,0500000US27141,77
68,0500000US27143,77.4
69,0500000US27147,78.1
70,0500000US27149,76
71,0500000US27151,72.6
72,0500000US27157,73
73,0500000US27161,76.7
74,0500000US27163,80.4
75,0500000US27167,69.7
76,0500000US27169,76.6
77,0500000US27173,74.3
78,0500000US27139,79.6
79,0500000US27145,74.9
80,0500000US27153,62.8
81,0500000US27159,70.1
82,0500000US27165,69.3
83,0500000US27171,76.2
84,0500000US27041,63.8
85,0500000US27129,72.2
86,0500000US27057,50.3
87,0500000US27155,59.3
1,0500000US28001,62.7
2,0500000US28003,64.5
3,0500000US28005,53.5
4,0500000US28007,61.9
5,0500000US28009,52.8
6,0500000US28011,53.4
7,0500000US28013,58.5
8,0500000US28015,53.2
9,0500000US28017,64.7
10,0500000US28025,63.8
11,0500000US28019,61.7
12,0500000US28021,42.6
13,0500000US28023,54.3
14,0500000US28027,56.9
15,0500000US28029,62.9
16,0500000US28031,56.5
17,0500000US28033,71
18,0500000US28035,62.4
19,0500000US28037,53.8
20,0500000US28039,60
21,0500000US28041,54.3
22,0500000US28043,63
23,0500000US28045,52.1
24,0500000US28047,59
25,0500000US28049,62.6
26,0500000US28051,52.9
27,0500000US28053,55.4
28,0500000US28055,36.4
29,0500000US28057,63.4
30,0500000US28059,61.8
31,0500000US28063,38.2
32,0500000US28065,54.5
33,0500000US28067,61.3
34,0500000US28069,46
35,0500000US28071,54.7
36,0500000US28073,62.2
37,0500000US28075,61.4
38,0500000US28077,61.4
39,0500000US28079,59.3
40,0500000US28083,52.7
41,0500000US28085,67
42,0500000US28087,64.9
43,0500000US28089,68.3
44,0500000US28091,58.4
45,0500000US28093,62.1
46,0500000US28095,65.3
47,0500000US28097,62.1
48,0500000US28099,57.9
49,0500000US28101,60
50,0500000US28103,57.7
51,0500000US28105,61.1
52,0500000US28107,57.1
53,0500000US28109,61.9
54,0500000US28111,53.1
55,0500000US28113,59
56,0500000US28115,66.1
57,0500000US28117,64.7
58,0500000US28119,49.5
59,0500000US28121,70.2
60,0500000US28123,58.5
61,0500000US28125,49.9
62,0500000US28127,57.2
63,0500000US28129,53.7
64,0500000US28131,58.8
65,0500000US28133,54.5
66,0500000US28135,57.6
67,0500000US28137,65.8
68,0500000US28139,64
69,0500000US28141,62
70,0500000US28143,47.6
71,0500000US28145,67.9
72,0500000US28149,61.5
73,0500000US28151,57
74,0500000US28153,58.6
75,0500000US28157,40.1
76,0500000US28159,66
77,0500000US28163,60.9
78,0500000US28155,61.7
79,0500000US28161,60.3
80,0500000US28061,49.5
81,0500000US28147,62.6
82,0500000US28081,64.8
1,0500000US51001,35
2,0500000US51003,69.1
3,0500000US51005,68.4
4,0500000US51007,68.2
5,0500000US51009,67.2
6,0500000US51011,55.9
7,0500000US51013,73.3
8,0500000US51015,67.2
9,0500000US51017,47.6
10,0500000US51019,70.7
11,0500000US51021,60.2
12,0500000US51023,69.9
13,0500000US51025,53.5
14,0500000US51027,40.4
15,0500000US51029,53.6
16,0500000US51031,69.7
17,0500000US51035,60.6
18,0500000US51036,69.5
19,0500000US51037,56.8
20,0500000US51041,75.9
21,0500000US51043,64.8
22,0500000US51045,60.3
23,0500000US51047,69.9
24,0500000US51049,64.9
25,0500000US51051,52.3
26,0500000US51053,71.6
27,0500000US51057,48.5
28,0500000US51059,75.3
29,0500000US51061,68.4
30,0500000US51065,71.1
31,0500000US51067,65.4
32,0500000US51071,64.5
33,0500000US51073,58.6
34,0500000US51079,66.5
35,0500000US51081,68.4
36,0500000US51085,79.5
37,0500000US51087,74
38,0500000US51089,63.1
39,0500000US51093,72.6
40,0500000US51105,55.9
41,0500000US51095,72.3
42,0500000US51099,65.5
43,0500000US51101,68.1
44,0500000US51107,75
45,0500000US51109,63.2
46,0500000US51113,37.4
47,0500000US51115,20.4
48,0500000US51117,53.6
49,0500000US51121,69.7
50,0500000US51125,48.9
51,0500000US51131,36.3
52,0500000US51133,37.1
53,0500000US51137,63.9
54,0500000US51139,65.1
55,0500000US51141,58
56,0500000US51145,78.3
57,0500000US51147,61
58,0500000US51153,72.1
59,0500000US51155,64.3
60,0500000US51161,78.7
61,0500000US51163,64.8
62,0500000US51167,45.7
63,0500000US51169,54
64,0500000US51171,61.1
65,0500000US51175,64.2
66,0500000US51177,72.5
67,0500000US51181,58.5
68,0500000US51183,51
69,0500000US51187,66.2
70,0500000US51191,65.3
71,0500000US51195,43.8
72,0500000US51197,65.4
73,0500000US51199,73.4
74,0500000US51510,71.7
75,0500000US51530,65.3
76,0500000US51540,68.8
77,0500000US51550,76.3
78,0500000US51570,71.9
79,0500000US51580,67.7
80,0500000US51590,63.5
81,0500000US51595,65.7
82,0500000US51600,75.9
83,0500000US51610,75.6
84,0500000US51620,69
85,0500000US51630,65.1
86,0500000US51640,62.5
87,0500000US51650,69.4
88,0500000US51660,65.1
89,0500000US51670,67.5
90,0500000US51678,66.5
91,0500000US51680,68.4
92,0500000US51683,68.7
93,0500000US51685,70.9
94,0500000US51690,64.4
95,0500000US51700,68.2
96,0500000US51710,65.6
97,0500000US51720,59.1
98,0500000US51730,61.1
99,0500000US51735,80.8
100,0500000US51740,69.6
101,0500000US51750,65
102,0500000US51760,64.5
103,0500000US51770,68.1
104,0500000US51775,74.8
105,0500000US51790,69.3
106,0500000US51800,73.6
107,0500000US51810,71.7
108,0500000US51820,71.3
109,0500000US51830,64.8
110,0500000US51840,65.6
111,0500000US51063,64.3
112,0500000US51069,71.8
113,0500000US51077,61.4
114,0500000US51083,67.7
115,0500000US51091,46.7
116,0500000US51097,48.6
117,0500000US51103,41
118,0500000US51111,47.9
119,0500000US51119,32.2
120,0500000US51127,61.8
121,0500000US51159,51.6
122,0500000US51135,60.2
123,0500000US51143,66.3
124,0500000US51149,73.7
125,0500000US51165,66.8
126,0500000US51173,58.1
127,0500000US51179,73.8
128,0500000US51185,52.9
129,0500000US51193,50
130,0500000US51520,69.6
131,0500000US51033,66
132,0500000US51157,52.2
133,0500000US51075,73.6
1,0500000US53003,69.3
2,0500000US53005,73.6
3,0500000US53007,59.9
4,0500000US53009,63.6
5,0500000US53011,69.5
6,0500000US53013,66.1
7,0500000US53015,66.4
8,0500000US53017,65.1
9,0500000US53019,50.3
10,0500000US53021,69.2
11,0500000US53023,58.4
12,0500000US53025,59.3
13,0500000US53027,52.7
14,0500000US53029,62.1
15,0500000US53031,55.7
16,0500000US53033,70.3
17,0500000US53035,66.3
18,0500000US53037,53.5
19,0500000US53039,48.2
20,0500000US53041,58.5
21,0500000US53043,57.7
22,0500000US53045,48.5
23,0500000US53047,44
24,0500000US53049,39.1
25,0500000US53051,48.6
26,0500000US53053,66.7
27,0500000US53055,38.4
28,0500000US53057,67.2
29,0500000US53059,47.5
30,0500000US53061,69.7
31,0500000US53063,70.4
32,0500000US53065,57.2
33,0500000US53067,68.1
34,0500000US53069,52.6
35,0500000US53071,69.9
36,0500000US53073,67.6
37,0500000US53075,63.4
38,0500000US53077,68.1
39,0500000US53001,64.2
1,0500000US48001,58.7
2,0500000US48003,64.5
3,0500000US48005,64.7
4,0500000US48119,57.2
5,0500000US48121,69.7
6,0500000US48123,57.8
7,0500000US48125,51.3
8,0500000US48129,48.3
9,0500000US48131,40.7
10,0500000US48135,64.7
11,0500000US48137,34.1
12,0500000US48139,69.6
13,0500000US48143,57.2
14,0500000US48145,53
15,0500000US48147,61.1
16,0500000US48151,56
17,0500000US48153,58.7
18,0500000US48155,51
19,0500000US48159,51.7
20,0500000US48161,50.7
21,0500000US48163,48.9
22,0500000US48167,58.6
23,0500000US48169,60.5
24,0500000US48171,60.2
25,0500000US48175,48.4
26,0500000US48177,54.3
27,0500000US48179,60
28,0500000US48183,65.8
29,0500000US48185,54.5
30,0500000US48191,46.7
31,0500000US48193,52.8
32,0500000US48197,55.7
33,0500000US48007,40.1
34,0500000US48009,66.3
35,0500000US48011,58.2
36,0500000US48013,54.3
37,0500000US48015,59.9
38,0500000US48017,59.6
39,0500000US48019,48.2
40,0500000US48021,62.4
41,0500000US48023,52.3
42,0500000US48025,54
43,0500000US48027,62.9
44,0500000US48029,66.8
45,0500000US48031,50.6
46,0500000US48033,51.9
47,0500000US48035,52.8
48,0500000US48037,64.1
49,0500000US48039,65.4
50,0500000US48041,64.4
51,0500000US48043,46.8
52,0500000US48045,50.6
53,0500000US48047,52.2
54,0500000US48049,59.2
55,0500000US48051,52.6
56,0500000US48053,56.5
57,0500000US48055,62.6
58,0500000US48057,49.2
59,0500000US48059,59.1
60,0500000US48061,56.4
61,0500000US48063,59.5
62,0500000US48065,65.5
63,0500000US48067,56
64,0500000US48069,56.7
65,0500000US48071,59.2
66,0500000US48075,57.3
67,0500000US48077,67.6
68,0500000US48083,52.3
69,0500000US48085,72.7
70,0500000US48089,57.6
71,0500000US48091,68.7
72,0500000US48093,59.3
73,0500000US48095,44.6
74,0500000US48099,62
75,0500000US48101,46.7
76,0500000US48105,46.9
77,0500000US48107,54.1
78,0500000US48109,48.4
79,0500000US48113,64.6
80,0500000US48115,61.6
81,0500000US48209,67.7
82,0500000US48201,65.1
83,0500000US48205,66
84,0500000US48207,55
85,0500000US48211,59.6
86,0500000US48213,56.1
87,0500000US48215,55.9
88,0500000US48219,62.2
89,0500000US48221,66.3
90,0500000US48225,53.3
91,0500000US48227,60.6
92,0500000US48229,36.6
93,0500000US48231,59.8
94,0500000US48233,58.9
95,0500000US48235,55.4
96,0500000US48237,53.1
97,0500000US48239,46.7
98,0500000US48241,52.3
99,0500000US48243,46.1
100,0500000US48245,62.6
101,0500000US48247,41.6
102,0500000US48249,53.9
103,0500000US48251,66.6
104,0500000US48253,63.4
105,0500000US48255,55.7
106,0500000US48257,67
107,0500000US48259,66.8
108,0500000US48261,38.2
109,0500000US48263,48
110,0500000US48265,63.6
111,0500000US48267,40.2
112,0500000US48269,41.6
113,0500000US48271,48.6
114,0500000US48273,58.6
115,0500000US48275,53.9
116,0500000US48277,63.7
117,0500000US48279,56.1
118,0500000US48283,36.1
119,0500000US48285,56.6
120,0500000US48287,54.6
121,0500000US48289,46.8
122,0500000US48293,51.6
123,0500000US48295,58.2
124,0500000US48299,49
125,0500000US48303,67.5
126,0500000US48307,56.6
127,0500000US48309,65.5
128,0500000US48313,53.2
129,0500000US48315,51.7
130,0500000US48319,46.5
131,0500000US48323,59.9
132,0500000US48325,61.1
133,0500000US48329,67.9
134,0500000US48331,58.8
135,0500000US48333,50.3
136,0500000US48337,61.4
137,0500000US48339,67.5
138,0500000US48341,60.7
139,0500000US48345,45.7
140,0500000US48347,60
141,0500000US48351,46.2
142,0500000US48353,61.3
143,0500000US48355,61.2
144,0500000US48359,59.6
145,0500000US48361,61
146,0500000US48363,52.4
147,0500000US48367,68.3
148,0500000US48369,63.2
149,0500000US48371,55.9
150,0500000US48375,64.1
151,0500000US48377,47.1
152,0500000US48379,54.8
153,0500000US48383,54.5
154,0500000US48385,32.4
155,0500000US48389,58.5
156,0500000US48391,50.9
157,0500000US48393,58.8
158,0500000US48397,74.4
159,0500000US48399,61
160,0500000US48401,59.9
161,0500000US48403,39.1
162,0500000US48407,48.9
163,0500000US48409,57.3
164,0500000US48411,47.9
165,0500000US48413,49.8
166,0500000US48421,61.6
167,0500000US48415,60.1
168,0500000US48417,55.3
169,0500000US48419,52.2
170,0500000US48423,65.8
171,0500000US48427,45.5
172,0500000US48429,56.2
173,0500000US48431,46.5
174,0500000US48433,47
175,0500000US48435,45.2
176,0500000US48437,62.3
177,0500000US48439,66.8
178,0500000US48441,68.1
179,0500000US48443,41.7
180,0500000US48445,63.4
181,0500000US48447,46.1
182,0500000US48451,68.2
183,0500000US48453,66.2
184,0500000US48455,46.2
185,0500000US48457,47.6
186,0500000US48459,61.7
187,0500000US48461,49.6
188,0500000US48463,55.2
189,0500000US48465,58.5
190,0500000US48467,59.4
191,0500000US48469,66.4
192,0500000US48471,51
193,0500000US48473,54.5
194,0500000US48475,58.7
195,0500000US48477,61.7
196,0500000US48479,62.2
197,0500000US48481,59.5
198,0500000US48483,55.6
199,0500000US48485,66.8
200,0500000US48489,50.6
201,0500000US48491,69.6
202,0500000US48495,62.2
203,0500000US48497,61.4
204,0500000US48499,60.2
205,0500000US48503,63.1
206,0500000US48505,24.2
207,0500000US48081,40.5
208,0500000US48087,50.7
209,0500000US48097,64.5
210,0500000US48103,61.5
211,0500000US48111,54.5
212,0500000US48117,63.2
213,0500000US48127,45.6
214,0500000US48133,52.9
215,0500000US48149,56.9
216,0500000US48157,72.8
217,0500000US48165,63.9
218,0500000US48173,47.6
219,0500000US48181,63.9
220,0500000US48189,64.2
221,0500000US48195,58.3
222,0500000US48203,60.9
223,0500000US48281,61
224,0500000US48291,54.9
225,0500000US48297,43
226,0500000US48305,58.8
227,0500000US48311,39.5
228,0500000US48321,49.2
229,0500000US48327,38.3
230,0500000US48335,51.6
231,0500000US48343,54.2
232,0500000US48349,59.7
233,0500000US48357,63.6
234,0500000US48365,55.9
235,0500000US48373,46.9
236,0500000US48381,72.1
237,0500000US48387,55.9
238,0500000US48395,52.3
239,0500000US48405,44.7
240,0500000US48493,66.6
241,0500000US48501,62.3
242,0500000US48507,54.3
243,0500000US48187,70.4
244,0500000US48223,66.6
245,0500000US48317,58.9
246,0500000US48487,63
247,0500000US48079,59.4
248,0500000US48199,63.9
249,0500000US48217,57.4
250,0500000US48301,60.8
251,0500000US48425,56.3
252,0500000US48141,70.8
253,0500000US48449,65.2
254,0500000US48073,55.5
1,0500000US18001,73.7
2,0500000US18003,70.9
3,0500000US18005,70.5
4,0500000US18007,69.8
5,0500000US18009,67.6
6,0500000US18011,76.2
7,0500000US18013,58.9
8,0500000US18015,66.7
9,0500000US18017,70.7
10,0500000US18019,71.2
11,0500000US18021,68.5
12,0500000US18023,69.9
13,0500000US18025,63.7
14,0500000US18027,72.8
15,0500000US18033,70.6
16,0500000US18035,66.9
17,0500000US18037,79.3
18,0500000US18039,68.7
19,0500000US18041,70.7
20,0500000US18043,73.4
21,0500000US18045,71.2
22,0500000US18047,73.1
23,0500000US18049,67.6
24,0500000US18051,71.7
25,0500000US18053,70.5
26,0500000US18055,64.6
27,0500000US18057,77.3
28,0500000US18059,76.2
29,0500000US18061,72.5
30,0500000US18063,78.2
31,0500000US18065,67.9
32,0500000US18067,70.1
33,0500000US18069,71.4
34,0500000US18071,70.5
35,0500000US18073,72.4
36,0500000US18075,69.9
37,0500000US18077,68.5
38,0500000US18079,68.8
39,0500000US18081,73.2
40,0500000US18083,69.5
41,0500000US18085,61.9
42,0500000US18087,68.5
43,0500000US18089,67.5
44,0500000US18091,67.6
45,0500000US18093,68.4
46,0500000US18095,68.5
47,0500000US18097,65.3
48,0500000US18099,71.2
49,0500000US18101,68.8
50,0500000US18103,67.5
51,0500000US18105,69
52,0500000US18107,69.5
53,0500000US18109,72.9
54,0500000US18111,69.8
55,0500000US18113,69
56,0500000US18115,67.8
57,0500000US18119,61.8
58,0500000US18121,62.4
59,0500000US18123,73.3
60,0500000US18127,74.6
61,0500000US18129,73.8
62,0500000US18131,66.8
63,0500000US18135,66.9
64,0500000US18137,67.8
65,0500000US18141,70.5
66,0500000US18143,69.3
67,0500000US18145,72.2
68,0500000US18149,64.7
69,0500000US18161,69.4
70,0500000US18151,55.9
71,0500000US18155,54.6
72,0500000US18157,70.7
73,0500000US18163,70.6
74,0500000US18165,67.6
75,0500000US18169,71.1
76,0500000US18171,70.5
77,0500000US18175,67.8
78,0500000US18177,69.1
79,0500000US18179,74.3
80,0500000US18183,74.8
81,0500000US18133,67.8
82,0500000US18139,71.2
83,0500000US18147,70.7
84,0500000US18153,69.5
85,0500000US18159,71.6
86,0500000US18167,70.3
87,0500000US18173,75.8
88,0500000US18181,59.4
89,0500000US18031,71.5
90,0500000US18117,67.8
91,0500000US18029,75.2
92,0500000US18125,70.2
1,0500000US06003,20.2
2,0500000US06005,50.2
3,0500000US06007,65.6
4,0500000US06009,45.2
5,0500000US06011,58.2
6,0500000US06013,72.1
7,0500000US06015,59.6
8,0500000US06017,58.8
9,0500000US06019,66.8
10,0500000US06021,67.6
11,0500000US06023,62.6
12,0500000US06025,58.5
13,0500000US06027,70.3
14,0500000US06029,65.2
15,0500000US06031,64.1
16,0500000US06033,42.6
17,0500000US06035,51.4
18,0500000US06037,69
19,0500000US06039,67.8
20,0500000US06041,72.1
21,0500000US06043,56.7
22,0500000US06045,53.6
23,0500000US06047,63.8
24,0500000US06049,53.3
25,0500000US06051,25.2
26,0500000US06053,64.4
27,0500000US06055,68.1
28,0500000US06057,61.6
29,0500000US06059,71.7
30,0500000US06061,67.5
31,0500000US06063,33
32,0500000US06065,63.5
33,0500000US06067,70.1
34,0500000US06069,67.5
35,0500000US06071,65.4
36,0500000US06073,68
37,0500000US06075,68.5
38,0500000US06077,66.5
39,0500000US06079,66.3
40,0500000US06081,73.2
41,0500000US06083,68.5
42,0500000US06085,74
43,0500000US06087,67.8
44,0500000US06089,65.8
45,0500000US06091,44.1
46,0500000US06093,56.5
47,0500000US06095,67.9
48,0500000US06097,68.6
49,0500000US06099,66.7
50,0500000US06101,69.1
51,0500000US06103,61.4
52,0500000US06105,47.4
53,0500000US06107,65
54,0500000US06109,48.2
55,0500000US06111,72.5
56,0500000US06113,71.5
57,0500000US06115,62
58,0500000US06001,70.2
1,0500000US36003,51.5
2,0500000US36005,64
3,0500000US36007,67.8
4,0500000US36009,57.4
5,0500000US36011,63.9
6,0500000US36013,60.8
7,0500000US36015,70.8
8,0500000US36017,58.1
9,0500000US36019,61.9
10,0500000US36021,50.4
11,0500000US36023,66.7
12,0500000US36025,49.9
13,0500000US36027,65.7
14,0500000US36029,69.6
15,0500000US36031,51.5
16,0500000US36033,59.4
17,0500000US36035,62.8
18,0500000US36037,70.7
19,0500000US36039,49.7
20,0500000US36041,40
21,0500000US36043,67
22,0500000US36045,59.1
23,0500000US36047,57.2
24,0500000US36049,66.2
25,0500000US36051,66.6
26,0500000US36053,66.7
27,0500000US36055,72.7
28,0500000US36057,58.5
29,0500000US36059,70.4
30,0500000US36061,66.2
31,0500000US36063,69.3
32,0500000US36065,65
33,0500000US36067,71.1
34,0500000US36069,70.1
35,0500000US36071,61.9
36,0500000US36073,66.8
37,0500000US36075,63.5
38,0500000US36077,57
39,0500000US36079,66.8
40,0500000US36081,60.8
41,0500000US36083,65.8
42,0500000US36085,65.1
43,0500000US36087,71.6
44,0500000US36089,62.3
45,0500000US36091,71.1
46,0500000US36093,69.7
47,0500000US36095,58.4
48,0500000US36097,58.6
49,0500000US36099,63.5
50,0500000US36101,60.7
51,0500000US36103,67.6
52,0500000US36105,42.5
53,0500000US36107,71.7
54,0500000US36109,67.5
55,0500000US36111,57.4
56,0500000US36113,57.8
57,0500000US36115,61.6
58,0500000US36117,68.2
59,0500000US36119,67.9
60,0500000US36121,64.9
61,0500000US36123,56.5
62,0500000US36001,68.7
